Player,Wins,Losses,Games Played,Win %,Location,Tournament Count,Tournaments
SkitsSkoots,12,0,12,100.0,"Elkader, IA",2,"DeathBall tournament; ComboBreaker DeathBall Tournament"
Blockduuuuude,10,0,10,100.0,"Dallas/Fort Worth, TX",2,"DeathBall @ Free Play; DeathBall @ Free Play"
Brandon Johnson,5,0,5,100.0,"Seattle, WA",1,dbcampkq
Matt w,5,0,5,100.0,"Minneapolis, MN",1,DeathBall
TurkishPepis,5,0,5,100.0,"Minneapolis, MN",1,Inaugural  DeathBallMPLS Showdown @ BauhausBrewLabs
JamesPod,5,0,5,100.0,"Livonia, MI",1,Psychic Drive Arcade Tournaments @Youma2025
Ryan,4,0,4,100.0,"Jacksonville, FL",1,DBJAX League Week 2
Jack J,4,0,4,100.0,"Minneapolis, MN",1,DeathBall
Taylor Christianson,4,0,4,100.0,,1,Baltimore Brawl DeathBall Tourney
looper_siffrin,4,0,4,100.0,"Denton, TX",1,Yomi 162
Perception,4,0,4,100.0,,1,QuakeCon 2025 DeathBall
Brian,3,0,3,100.0,,1,DeathBall GDC
Cellshine,3,0,3,100.0,"Seattle, WA",1,28th Annual Deathball Tournament
Kylie,3,0,3,100.0,"Dallas/Fort Worth, TX",1,DeathBall Tourney
Dan,3,0,3,100.0,"Jacksonville, FL",1,DeathBall @ Leaderboard Shad #5
Dylan Lee,1,0,1,100.0,"Portland, OR",1,DeathBall GDC
Raven,1,0,1,100.0,"Dallas/Fort Worth, TX",1,Talon Fundraiser DEATHBALL
Bryan M,29,3,32,90.6,"Dallas/Fort Worth, TX",7,"Mead Round 2 death ball; Deathball 6/26; Three Nations Brew Deathball!; Deathball 10/16; The one and only Death; DeathBall Tourney; 3 nations pint night"
Colby Price,7,1,8,87.5,,2,"dbcampkq; Deathball GDC 1"
somewes,170,26,196,86.7,"Chattanooga, TN",35,"2019 May League Week 1; 2019 May League Week 2; 2019 May League Week 3; 2019 May League Week 4; 2019 May League Tournament; 2019 June League Week 1; 2019 June League Week 2; 2019 June League Week 3; 2019 June League Week 4; 2019 July League Week 1; 2019 July League Week 3; 2019 July League Week 4; DBC 2; 2019 August League Week 1; 2019 August League Week 2; 2019 August League Week 4; DBC 3; 2019 September League Week 1; 2019 September League Week 2; DBC 4; 2019 October League Week 1; BB4 Deathball Swiss; Bb4 db finals; 2019 October League Week 2; 2019 October League Week 4; DBC 5; 2019 Holiday Season League Week 2; 2019 Holiday Season League Week 3; 2019 Holiday Season Week 5; DBC 6; llglory; llglory; DBC 7; DBC 8; DBC9"
Josh Freeman,25,4,29,86.2,"Jacksonville, FL",7,"Fall Harvest Death Ball; DeathBall tournament; deathball 11-05-24; 11-19-24 Deathball Keg and Coin; deathball 11-26-24; Deathball - 12/03/24; FH 2024 Deathball"
Chris Baldwin,12,2,14,85.7,"Minneapolis, MN",4,"dbcampkq; DeathBall GDC; Camp DeathBall; Baltimore Brawl DeathBall Tourney"
Warner,6,1,7,85.7,"Chattanooga, TN",1,DeathBall PopUp tournament
HOLA,11,2,13,84.6,"Houston, TX",3,"DBHTX 10/18/22; DBHTX - 12/20/22; DBHTX - 01/31/23"
Kevan S,5,1,6,83.3,"Chattanooga, TN",2,"BB4 Deathball Swiss; Bb4 db finals"
Zane,5,1,6,83.3,"Jacksonville, FL",1,DeathBall @ Leaderboard Shad #4
Craig,9,2,11,81.8,,2,"DeathBall #1 : Battle of CQ; CQ Holiday Party Deathball"
Hackakat,8,2,10,80.0,,1,SGDQ 2025 - DeathBall
Wilk,4,1,5,80.0,"Chattanooga, TN",1,2019 May League Week 1
Mickey,4,1,5,80.0,"Dallas/Fort Worth, TX",2,"DeathBall @ Free Play; WWFG Deathball"
Mitchell,4,1,5,80.0,"Dallas/Fort Worth, TX",2,"DeathBall @ Free Play; DeathBall @ Free Play"
Alex,4,1,5,80.0,"Jacksonville, FL",1,DeathBall @ Leaderboard Shad #5
dammitmalloy,15,4,19,78.9,"South Florida, FL",3,"DeathBall; DeathBall tournament; FH 2024 Deathball"
Jordan,14,4,18,77.8,"Dallas/Fort Worth, TX",4,"Deathball 8/27; Deathball 9/24/2025; Deathball 10/16; DeathBall Tourney"
Tilted then Gio,7,2,9,77.8,"Dallas/Fort Worth, TX",1,Wednesday Unwind 03/15 - Deathball
Kalkaita,7,2,9,77.8,"Denton, TX",2,"Yomi 158; Yomi 162"
Mrlink2k,24,7,31,77.4,Ohio,7,"Death Ball SGeeds; Death ball SGDQ 2; Death Ball SGDQ 3; Death ball: the sendoff; The Platinum Platter; SGDQ 2025 - DeathBall; Deathball buddy bracket"
SliceFury,20,6,26,76.9,"Dallas/Fort Worth, TX",5,"Breaking Brew Meadery Death Ball Tournament; Mead Round 2 death ball; Deathball Finale!; Deathball 6/26; Three Nations Brew Deathball!"
Charli,12,4,16,75.0,"Dallas/Fort Worth, TX",7,"DeathBall @ Free Play; WWFG Deathball; DeathBall @ Free Play; DeathBall @ Free Play; DeathBall @ Free Play; DeathBall @ Free Play; DeathBall @ Free Play"
jacoby,6,2,8,75.0,"Jacksonville, FL",2,"11-19-24 Deathball Keg and Coin; Deathball - 12/03/24"
LotsaTella,6,2,8,75.0,United Kingdom,1,SGDQ 2025 - DeathBall
Tyler Molony,3,1,4,75.0,,1,dbcampkq
Troy,3,1,4,75.0,"Minneapolis, MN",1,DeathBall
Jack s,3,1,4,75.0,"Minneapolis, MN",1,DeathBall
Jose,3,1,4,75.0,"Chattanooga, TN",1,2019 Holiday Season Buddy Bracket
Roger,3,1,4,75.0,"Dallas/Fort Worth, TX",2,"DeathBall @ Free Play; DeathBall @ Free Play"
Sodah,3,1,4,75.0,"Fort Lauderdale, FL",1,DeathBall
Logan,3,1,4,75.0,"Jacksonville, FL",1,deathball 11-05-24
Michael,8,3,11,72.7,"Dallas/Fort Worth, TX",2,"Deathball 7/30; Deathball real 7/30"
Nathan,23,9,32,71.9,"Jacksonville, FL",8,"DB LEAGUE TRIAL RUN 12/30/18; DB League trial run 2; DBJAX League Week 1; DBJAX League Week 2; DBJAX League Week 3; DBJAX League Week 4; DBJAX League Week 5; Fall Harvest Death Ball"
Vernon,15,6,21,71.4,"Dallas/Fort Worth, TX",5,"Deathball 9/24/2025; Deathball 10/16; The one and only Death; Deathball march 3/12/26; Fort Brewery Deathball 4/9/2026"
Courtney,5,2,7,71.4,,2,"DeathBall #1 : Battle of CQ; CQ Holiday Party Deathball"
Dan Recht,5,2,7,71.4,,1,Deathball GDC 1
Felix Yuan,5,2,7,71.4,,1,Deathball GDC 1
Alex,5,2,7,71.4,,1,Camp DeathBall
DGK,5,2,7,71.4,"Dallas/Fort Worth, TX",1,DeathBall @ Free Play
Bryan,5,2,7,71.4,"Dallas/Fort Worth, TX",3,"DeathBall @ Free Play; DeathBall @ Free Play; DeathBall @ Free Play"
Jacob,5,2,7,71.4,"Dallas/Fort Worth, TX",1,Mead Round 2 death ball
Anthony S,5,2,7,71.4,"Dallas/Fort Worth, TX",1,The one and only Death
Cole,5,2,7,71.4,"Jacksonville, FL",2,"DeathBall @ Leaderboard Shad #4; DeathBall @ Leaderboard Shad #6"
Maetrix,5,2,7,71.4,"Jacksonville, FL",2,"DeathBall @ Leaderboard Shad #5; DeathBall @ Leaderboard Shad #7"
zachaction,5,2,7,71.4,"Elkader, IA",1,ComboBreaker DeathBall Tournament
Sgt Spankcakes,5,2,7,71.4,"Bay City, TX",1,ComboBreaker DeathBall Tournament
kumachine,9,4,13,69.2,"Richardson, TX",3,"Deathball; DeathBall @ Free Play; DeathBall @ Free Play"
Corley,144,69,213,67.6,"Chattanooga, TN",41,"DeathBall PopUp tournament; Preseason May League; 2019 May League Week 1; 2019 May League Week 2; 2019 May League Week 3; 2019 May League Week 4; 2019 May League Tournament; 2019 June League Week 1; 2019 June League Week 2; 2019 June League Week 3; 2019 June League Week 4; 2019 July League Week 1; 2019 July League Week 2; 2019 July League Week 3; 2019 July League Week 4; DBC 2; 2019 August League Week 1; 2019 August League Week 2; 2019 August League Week 3; 2019 August League Week 4; DBC 3; 2019 September League Week 1; 2019 September League Week 2; 2019 September League Week 4; DBC 4; 2019 October League Week 2; 2019 October League Week 3; 2019 October League Week 4; DBC 5; 2019 Holiday Season League Week 1; 2019 Holiday Season League Week 2; 2019 Holiday Season League Week 3; 2019 Holiday Season Week 5; DBC 6; llglory; llglory; DBC 7; you know; DBC 8; DBC9; DeathBall tournament"
Jaq,22,11,33,66.7,,6,"Death Ball SGeeds; Death ball SGDQ 2; Death Ball SGDQ 3; The Platinum Platter; SGDQ 2025 - DeathBall; Deathball buddy bracket"
Chan,16,8,24,66.7,"Houston, TX",5,"DB HTX - 09/27/22; DBHTX 10/18/22; DBHTX - 12/20/22; DBHTX - 01/31/23; DeathBall tournament"
D.Owls,8,4,12,66.7,"Dallas/Fort Worth, TX",4,"DeathBall @ Free Play; DeathBall @ Free Play; QuakeCon 2025 DeathBall; QuakeCon 2025 Saturday DeathBall"
Noah,8,4,12,66.7,"Jacksonville, FL",2,"Fall Harvest Death Ball; FH 2024 Deathball"
RheaStarGirl,8,4,12,66.7,"Chicago, IL",2,"SGDQ 2025 - DeathBall; ComboBreaker DeathBall Tournament"
Dylan Conrad,6,3,9,66.7,"Chicago, IL",2,"dbcampkq; Camp DeathBall"
Blake,4,2,6,66.7,,1,DeathBall #1 : Battle of CQ
Ed Gotthardt,4,2,6,66.7,,1,Deathball GDC 1
Weizenberg,4,2,6,66.7,"Minneapolis, MN",1,Inaugural  DeathBallMPLS Showdown @ BauhausBrewLabs
Cesar,4,2,6,66.7,,1,Camp DeathBall
Mike Blomgren,4,2,6,66.7,"Dallas/Fort Worth, TX",1,DeathBall @ Free Play
meezeed,4,2,6,66.7,,1,Baltimore Brawl DeathBall Tourney
Coke,4,2,6,66.7,"Dallas/Fort Worth, TX",1,Wednesday Unwind 03/15 - Deathball
Dadd,4,2,6,66.7,"Dallas/Fort Worth, TX",1,Breaking Brew Meadery Death Ball Tournament
TempestMask,4,2,6,66.7,New Jersey,1,Death Ball SGDQ 3
SlickArrow,4,2,6,66.7,Colorado,1,Yomi 158
combonation,4,2,6,66.7,,1,DeathBall tournament
Suigi,4,2,6,66.7,,1,SGDQ 2025 - DeathBall
Logan Brewer,4,2,6,66.7,,2,"QuakeCon 2025 DeathBall; QuakeCon 2025 Saturday DeathBall"
HyonkTea,4,2,6,66.7,,2,"QuakeCon 2025 DeathBall; QuakeCon 2025 Saturday DeathBall"
James,4,2,6,66.7,"Dallas/Fort Worth, TX",1,Deathball 8/27
SunnyJ,4,2,6,66.7,Michigan,1,Psychic Drive Arcade Tournaments @Youma2025
Con,4,2,6,66.7,,1,ComboBreaker DeathBall Tournament
FakeGamer,4,2,6,66.7,,1,ComboBreaker DeathBall Tournament
Ryan Waisner,2,1,3,66.7,,1,dbcampkq
Ryan,2,1,3,66.7,,1,CQ Holiday Party Deathball
Baldwin,2,1,3,66.7,"Minneapolis, MN",1,DeathBall
Kelly,2,1,3,66.7,"Minneapolis, MN",1,DeathBall
Ryan,2,1,3,66.7,"Minneapolis, MN",1,DeathBall
TakifuguPete,2,1,3,66.7,"Madison, WI",1,28th Annual Deathball Tournament
Jose,2,1,3,66.7,"Dallas/Fort Worth, TX",1,WWFG Deathball
Josh,2,1,3,66.7,"Dallas/Fort Worth, TX",1,DeathBall @ Free Play
Bryce,2,1,3,66.7,"Dallas/Fort Worth, TX",1,DeathBall @ Free Play
Babyface,2,1,3,66.7,"Dallas/Fort Worth, TX",1,DeathBall @ Free Play
D-Overmind,2,1,3,66.7,,1,QuakeCon 2025 Saturday DeathBall
Ortega,2,1,3,66.7,"Dallas/Fort Worth, TX",1,DeathBall Tourney
Keucher,27,14,41,65.9,Ohio,7,"Death Ball SGeeds; Death ball SGDQ 2; Death Ball SGDQ 3; Death ball: the sendoff; The Platinum Platter; SGDQ 2025 - DeathBall; Deathball buddy bracket"
Eduardo,9,5,14,64.3,"Dallas/Fort Worth, TX",3,"Baltimore Brawl DeathBall Tourney; DeathBall; DeathBall tournament"
Ross,14,8,22,63.6,"Jacksonville, FL",5,"DBJAX League Week 1; DBJAX League Week 2; DBJAX League Week 3; DBJAX League Week 4; DBJAX League Week 5"
Alex Zick,7,4,11,63.6,"Minneapolis, MN",2,"Inaugural  DeathBallMPLS Showdown @ BauhausBrewLabs; DeathBall"
FPA Arthur,7,4,11,63.6,"Austin, TX",2,"DeathBall @ Free Play; DeathBall @ Free Play"
Chase,7,4,11,63.6,"Dallas/Fort Worth, TX",4,"DeathBall @ Free Play; DeathBall @ Free Play; DeathBall @ Free Play; DBC9"
ally,7,4,11,63.6,"Jacksonville, FL",2,"Deathball - 12/03/24; FH 2024 Deathball"
DFCBlockchain,20,12,32,62.5,"Dallas/Fort Worth, TX",8,"Wednesday Unwind 03/15 - Deathball; Breaking Brew Meadery Death Ball Tournament; Deathball Finale!; Deathball 6/26; Deathball 7/31; Three Nations Brew Deathball!; DeathBall 1/29/25; Deathball 7/30"
Karla,5,3,8,62.5,"Minneapolis, MN",2,"DeathBall; DeathBall"
Kristian Andrewson,5,3,8,62.5,"Charlotte, NC",2,"DeathBall; DeathBall tournament"
willyjwillyj,23,14,37,62.2,Michigan,7,"Death Ball SGeeds; Death ball SGDQ 2; Death Ball SGDQ 3; Death ball: the sendoff; The Platinum Platter; SGDQ 2025 - DeathBall; Deathball buddy bracket"
Patrick,8,5,13,61.5,"Jacksonville, FL",3,"DBJAX League Week 1; DBJAX League Week 2; DBJAX League Week 4"
sid,8,5,13,61.5,"Jacksonville, FL",3,"Fall Harvest Death Ball; deathball 11-26-24; Deathball - 12/03/24"
quantumpotato,40,26,66,60.6,"Chattanooga, TN",12,"2019 July League Week 4; 2019 August League Week 1; 2019 August League Week 2; DBC 3; BB4 Deathball Swiss; 2019 October League Week 3; 2019 October League Week 4; DBC 5; llglory; DBC 7; you know; DBC 8"
Skelley,18,12,30,60.0,"Chattanooga, TN",6,"DeathBall PopUp tournament; 2019 May League Week 1; 2019 May League Week 2; 2019 May League Week 3; 2019 May League Week 4; DBC 3"
SoaringSloth,12,8,20,60.0,"Vernon Hills, IL",4,"Death Ball SGDQ 3; Death ball: the sendoff; SGDQ 2025 - DeathBall; ComboBreaker DeathBall Tournament"
Ethan,9,6,15,60.0,"Dallas/Fort Worth, TX",5,"The one and only Death; DeathBall Tourney; Deathball march 3/12/26; Fort Brewery Deathball 4/9/2026; 3 nations pint night"
Mosspassion,6,4,10,60.0,"Chicago, IL",2,"DeathBall tournament; ComboBreaker DeathBall Tournament"
amethyst,6,4,10,60.0,"Jacksonville, FL",2,"11-19-24 Deathball Keg and Coin; Deathball - 12/03/24"
stepbystepdad,3,2,5,60.0,"Minneapolis, MN",1,Inaugural  DeathBallMPLS Showdown @ BauhausBrewLabs
Pumpy Supreme,3,2,5,60.0,"Minneapolis, MN",1,Inaugural  DeathBallMPLS Showdown @ BauhausBrewLabs
Chris M.,3,2,5,60.0,"Jacksonville, FL",1,DBJAX League Week 2
Javier,3,2,5,60.0,"Jacksonville, FL",1,DBJAX League Week 3
Matt,3,2,5,60.0,"Jacksonville, FL",1,DBJAX League Week 5
Aaron R,3,2,5,60.0,"Minneapolis, MN",1,DeathBall
Ashleigh C,3,2,5,60.0,"Minneapolis, MN",1,DeathBall
Steven,3,2,5,60.0,"Dallas/Fort Worth, TX",2,"2019 May League Week 2; Deathball"
Cody,3,2,5,60.0,,1,Camp DeathBall
Dwight s,3,2,5,60.0,"Chattanooga, TN",1,BB4 Deathball Swiss
jyroblade,3,2,5,60.0,"Brooklyn, NY",1,BB4 Deathball Swiss
Mikel,3,2,5,60.0,"Dallas/Fort Worth, TX",3,"DeathBall @ Free Play; DeathBall @ Free Play; DeathBall @ Free Play"
Jeb,3,2,5,60.0,,1,Baltimore Brawl DeathBall Tourney
Fran,3,2,5,60.0,"Houston, TX",1,DB HTX - 09/27/22
Christian,3,2,5,60.0,"Dallas/Fort Worth, TX",1,Wednesday Unwind 03/15 - Deathball
Beluga,3,2,5,60.0,"Dallas/Fort Worth, TX",1,Wednesday Unwind 03/15 - Deathball
Creative Destruction,3,2,5,60.0,"Dallas/Fort Worth, TX",1,Wednesday Unwind 03/15 - Deathball
Travis,3,2,5,60.0,"Chattanooga, TN",1,DBC9
Nick M,3,2,5,60.0,"Jacksonville, FL",1,Fall Harvest Death Ball
Bryan P,3,2,5,60.0,"Dallas/Fort Worth, TX",1,Deathball Finale!
Mad Max Tyler,3,2,5,60.0,"Dallas/Fort Worth, TX",1,Deathball Finale!
sl0th,3,2,5,60.0,"Mesquite, TX",2,"Yomi 162; Talon Fundraiser DEATHBALL"
tcarsonj,3,2,5,60.0,"Chattanooga, TN",1,DeathBall tournament
Waterm3lon,3,2,5,60.0,,1,DeathBall tournament
Charlotte,3,2,5,60.0,"Dallas/Fort Worth, TX",1,Three Nations Brew Deathball!
Brandon,3,2,5,60.0,"Jacksonville, FL",1,deathball 11-05-24
Gabe,3,2,5,60.0,"Jacksonville, FL",1,deathball 11-26-24
josiah,3,2,5,60.0,"Jacksonville, FL",1,Deathball - 12/03/24
Dotmaster,3,2,5,60.0,,1,SGDQ 2025 - DeathBall
GTAce,3,2,5,60.0,Illinois,1,SGDQ 2025 - DeathBall
Dorkus64,3,2,5,60.0,,1,SGDQ 2025 - DeathBall
Queen_Magnolia,3,2,5,60.0,"Portland, OR",1,SGDQ 2025 - DeathBall
LunaticJ,3,2,5,60.0,Michigan,1,SGDQ 2025 - DeathBall
Gemneant,3,2,5,60.0,,1,SGDQ 2025 - DeathBall
Zabi,3,2,5,60.0,"Dallas/Fort Worth, TX",1,Deathball 8/27
Cecily,3,2,5,60.0,"Dallas/Fort Worth, TX",1,Deathball 8/27
helm,3,2,5,60.0,Michigan,1,Psychic Drive Arcade Tournaments @Youma2025
PJ,3,2,5,60.0,Michigan,1,Psychic Drive Arcade Tournaments @Youma2025
Zam,3,2,5,60.0,"Clawson, MI",1,Psychic Drive Arcade Tournaments @Youma2025
Colby,3,2,5,60.0,"Dallas/Fort Worth, TX",1,Fort Brewery Deathball 4/9/2026
Diago,3,2,5,60.0,"Dallas/Fort Worth, TX",1,Fort Brewery Deathball 4/9/2026
Enickma,3,2,5,60.0,"Orange, CA",1,ComboBreaker DeathBall Tournament
esoterics,3,2,5,60.0,"Westminster, CO",1,ComboBreaker DeathBall Tournament
LilyLambda,3,2,5,60.0,"Milwaukee, WI",1,ComboBreaker DeathBall Tournament
Andenubs,13,9,22,59.1,"Dallas/Fort Worth, TX",7,"Deathball; DeathBall @ Free Play; DeathBall @ Free Play; DeathBall @ Free Play; DeathBall @ Free Play; Wednesday Unwind 03/15 - Deathball; The one and only Death"
Vivvian,10,7,17,58.8,"Jacksonville, FL",5,"DB LEAGUE TRIAL RUN 12/30/18; DB League trial run 2; DBJAX League Week 1; DBJAX League Week 2; DBJAX League Week 3"
Josh k,62,45,107,57.9,"Chattanooga, TN",22,"DeathBall PopUp tournament; 2019 August League Week 1; 2019 August League Week 2; 2019 August League Week 3; 2019 August League Week 4; DBC 3; 2019 September League Week 1; 2019 September League Week 4; DBC 4; 2019 October League Week 1; BB4 Deathball Swiss; 2019 October League Week 2; 2019 October League Week 3; DBC 5; 2019 Holiday Season League Week 1; 2019 Holiday Season League Week 2; 2019 Holiday Season League Week 3; 2019 Holiday Season Week 5; DBC 6; llglory; DBC 8; DBC9"
marcy,8,6,14,57.1,,3,"Death ball SGDQ 2; Death Ball SGDQ 3; Deathball buddy bracket"
John Ryan,8,6,14,57.1,"Jacksonville, FL",3,"11-19-24 Deathball Keg and Coin; Deathball - 12/03/24; FH 2024 Deathball"
Elena,8,6,14,57.1,"Dallas/Fort Worth, TX",3,"Deathball 9/24/2025; Deathball 10/16; DeathBall Tourney"
Tim,4,3,7,57.1,"Jacksonville, FL",2,"DB League trial run 2; DeathBall @ Leaderboard Shad #5"
Francis S,4,3,7,57.1,"Chattanooga, TN",2,"BB4 Deathball Swiss; Bb4 db finals"
Matt,4,3,7,57.1,"Dallas/Fort Worth, TX",2,"DeathBall @ Free Play; DeathBall @ Free Play"
Jessie Kennedy,4,3,7,57.1,,2,"DeathBall @ Free Play; QuakeCon 2025 DeathBall"
Jerry Garcia,4,3,7,57.1,"Dallas/Fort Worth, TX",2,"DeathBall @ Free Play; Wednesday Unwind 03/15 - Deathball"
Brianna,4,3,7,57.1,"Dallas/Fort Worth, TX",2,"Mead Round 2 death ball; DeathBall Tourney"
Pops,5,4,9,55.6,"Detroit, MI",2,"Psychic Drive Arcade Tournaments @Youma2025; ComboBreaker DeathBall Tournament"
Vera,6,5,11,54.5,"Houston, TX",3,"DB HTX - 09/27/22; DBHTX 10/18/22; DBHTX - 12/20/22"
Rodrigo,7,6,13,53.8,"Dallas/Fort Worth, TX",3,"Deathball 6/26; Deathball 7/31; DeathBall 1/29/25"
Ducky,15,13,28,53.6,"Chattanooga, TN",5,"DeathBall PopUp tournament; 2019 May League Week 1; 2019 May League Week 2; 2019 June League Week 1; 2019 September League Week 1"
Chris,12,11,23,52.2,,8,"DB LEAGUE TRIAL RUN 12/30/18; DBJAX League Week 1; DBJAX League Week 3; DeathBall @ Free Play; DeathBall @ Free Play; DeathBall @ Free Play; DeathBall @ Leaderboard Shad #5; DeathBall @ Leaderboard Shad #7"
TheMentalLizard,12,11,23,52.2,"Dallas/Fort Worth, TX",9,"DeathBall @ Free Play; DeathBall @ Free Play; WWFG Deathball; DeathBall @ Free Play; DeathBall @ Free Play; DeathBall @ Free Play; DeathBall @ Free Play; DeathBall @ Free Play; DeathBall @ Free Play"
Chronin,75,71,146,51.4,"Chattanooga, TN",28,"2019 May League Week 1; 2019 May League Week 2; 2019 May League Week 3; 2019 May League Week 4; 2019 May League Tournament; 2019 June League Week 1; 2019 June League Week 3; 2019 June League Week 4; 2019 July League Week 1; DBC 2; 2019 August League Week 1; 2019 August League Week 2; 2019 August League Week 3; 2019 August League Week 4; DBC 3; 2019 September League Week 1; 2019 September League Week 4; 2019 October League Week 1; 2019 October League Week 2; 2019 October League Week 3; 2019 October League Week 4; DBC 5; 2019 Holiday Season League Week 1; 2019 Holiday Season League Week 2; 2019 Holiday Season Week 5; DBC 6; DBC 7; you know"
Anthony,21,20,41,51.2,"Chattanooga, TN",7,"2019 May League Week 1; 2019 May League Week 2; 2019 May League Week 4; 2019 June League Week 2; 2019 July League Week 1; 2019 October League Week 2; 2019 October League Week 4"
Micah,19,19,38,50.0,"Chattanooga, TN",7,"DeathBall PopUp tournament; 2019 May League Week 1; 2019 May League Week 2; 2019 May League Week 3; 2019 June League Week 1; 2019 June League Week 3; DBC 2"
Blake,10,10,20,50.0,"Chattanooga, TN",6,"DeathBall PopUp tournament; 2019 October League Week 3; DBC 6; llglory; llglory; you know"
Matthew,10,10,20,50.0,"Chattanooga, TN",5,"DeathBall PopUp tournament; Preseason May League; 2019 May League Week 2; 2019 July League Week 4; llglory"
TJ,10,10,20,50.0,"Chattanooga, TN",4,"2019 Holiday Season League Week 3; 2019 Holiday Season Week 5; DBC 8; DBC9"
Joey,6,6,12,50.0,"Dallas/Fort Worth, TX",3,"Wednesday Unwind 03/15 - Deathball; Deathball 7/31; DeathBall 1/29/25"
Dade,6,6,12,50.0,"Dallas/Fort Worth, TX",3,"Mead Round 2 death ball; Deathball Finale!; DeathBall 1/29/25"
impossablank,6,6,12,50.0,Connecticut,3,"Death Ball SGDQ 3; Death ball: the sendoff; SGDQ 2025 - DeathBall"
Lev Bakin,4,4,8,50.0,"Portland, OR",3,"dbcampkq; DeathBall GDC; Camp DeathBall"
J_Pong,4,4,8,50.0,"Dallas/Fort Worth, TX",2,"DeathBall @ Free Play; DeathBall @ Free Play"
Darth Jose,4,4,8,50.0,"Dallas/Fort Worth, TX",2,"DeathBall @ Free Play; DeathBall @ Free Play"
Seth,4,4,8,50.0,"Dallas/Fort Worth, TX",2,"Mead Round 2 death ball; Deathball 6/26"
Ellie,4,4,8,50.0,,2,"Death Ball SGDQ 3; Death ball: the sendoff"
Jake Lawall,4,4,8,50.0,"Jacksonville, FL",2,"deathball 11-26-24; FH 2024 Deathball"
Seth,4,4,8,50.0,"Dallas/Fort Worth, TX",2,"Deathball 10/16; DeathBall Tourney"
Scott Wilkewitz,3,3,6,50.0,"San Francisco, CA",2,"dbcampkq; Deathball GDC 1"
Ken,3,3,6,50.0,,2,"DeathBall #1 : Battle of CQ; CQ Holiday Party Deathball"
pcowdogg,3,3,6,50.0,,2,"DeathBall; DeathBall tournament"
Jay,3,3,6,50.0,"Jacksonville, FL",2,"DeathBall @ Leaderboard Shad #4; DeathBall @ Leaderboard Shad #6"
Matt,2,2,4,50.0,,1,DeathBall #1 : Battle of CQ
Carl,2,2,4,50.0,,1,DeathBall #1 : Battle of CQ
Mark Nelson,2,2,4,50.0,,1,Deathball GDC 1
Brett,2,2,4,50.0,,1,Deathball GDC 1
Hugo Meneses,2,2,4,50.0,"Mission, KS",1,Deathball GDC 1
Reed,2,2,4,50.0,,1,Deathball GDC 1
TheHolySheet,2,2,4,50.0,"Minneapolis, MN",1,Inaugural  DeathBallMPLS Showdown @ BauhausBrewLabs
Luke Snyder,2,2,4,50.0,"Minneapolis, MN",1,Inaugural  DeathBallMPLS Showdown @ BauhausBrewLabs
Sam,2,2,4,50.0,"Minneapolis, MN",1,Inaugural  DeathBallMPLS Showdown @ BauhausBrewLabs
Greg,2,2,4,50.0,"Jacksonville, FL",1,DBJAX League Week 3
Ben,2,2,4,50.0,"Jacksonville, FL",1,DBJAX League Week 4
Sergio,2,2,4,50.0,"Jacksonville, FL",1,DBJAX League Week 4
Justin,2,2,4,50.0,,1,2019 May League Week 1
Jenna,2,2,4,50.0,,1,Camp DeathBall
Chaco,2,2,4,50.0,,1,Camp DeathBall
alec,2,2,4,50.0,"Chattanooga, TN",1,2019 Holiday Season Buddy Bracket
Nick,2,2,4,50.0,"Chattanooga, TN",1,2019 Holiday Season Buddy Bracket
Drew,2,2,4,50.0,"Dallas/Fort Worth, TX",1,DeathBall @ Free Play
Michael Beltran,2,2,4,50.0,"Dallas/Fort Worth, TX",1,DeathBall @ Free Play
uncleyosh,2,2,4,50.0,"Dallas/Fort Worth, TX",1,DeathBall @ Free Play
Gaby,2,2,4,50.0,"Dallas/Fort Worth, TX",1,DeathBall @ Free Play
Arde,2,2,4,50.0,,1,Baltimore Brawl DeathBall Tourney
Alex Kogan,2,2,4,50.0,,1,Baltimore Brawl DeathBall Tourney
Zack McKenna,2,2,4,50.0,,1,Baltimore Brawl DeathBall Tourney
Fidel,2,2,4,50.0,"Dallas/Fort Worth, TX",1,Wednesday Unwind 03/15 - Deathball
Hudson,2,2,4,50.0,"Chattanooga, TN",1,DBC9
Tony,2,2,4,50.0,"Jacksonville, FL",1,Fall Harvest Death Ball
Truett,2,2,4,50.0,"Jacksonville, FL",1,Fall Harvest Death Ball
Ash,2,2,4,50.0,"Dallas/Fort Worth, TX",1,Breaking Brew Meadery Death Ball Tournament
Blue Moon,2,2,4,50.0,"Denton, TX",1,Yomi 158
Shinhua,2,2,4,50.0,"Allen, TX",1,Yomi 158
Sety,2,2,4,50.0,"Aubrey, TX",1,Yomi 162
andrewrobk,2,2,4,50.0,,1,DeathBall tournament
ewok007,2,2,4,50.0,,1,DeathBall tournament
Bree,2,2,4,50.0,,1,DeathBall tournament
Claire,2,2,4,50.0,"Dallas/Fort Worth, TX",1,Three Nations Brew Deathball!
Sea,2,2,4,50.0,"Dallas/Fort Worth, TX",1,Three Nations Brew Deathball!
Aro,2,2,4,50.0,"Dallas/Fort Worth, TX",1,Three Nations Brew Deathball!
Dokota,2,2,4,50.0,"Dallas/Fort Worth, TX",1,Three Nations Brew Deathball!
scott,2,2,4,50.0,"Jacksonville, FL",1,deathball 11-05-24
gene,2,2,4,50.0,"Jacksonville, FL",1,Deathball - 12/03/24
Franky Pinkston,2,2,4,50.0,"Jacksonville, FL",1,FH 2024 Deathball
didquartz,2,2,4,50.0,,1,SGDQ 2025 - DeathBall
alrightness,2,2,4,50.0,,1,SGDQ 2025 - DeathBall
typedef_sorbet,2,2,4,50.0,,1,SGDQ 2025 - DeathBall
j0tt,2,2,4,50.0,,1,SGDQ 2025 - DeathBall
OopsItsANerd,2,2,4,50.0,,1,SGDQ 2025 - DeathBall
XanderIsALoser,2,2,4,50.0,Michigan,1,SGDQ 2025 - DeathBall
dreaded_,2,2,4,50.0,,1,SGDQ 2025 - DeathBall
MetaSR,2,2,4,50.0,,1,SGDQ 2025 - DeathBall
Snowcat11,2,2,4,50.0,,1,SGDQ 2025 - DeathBall
something dumber,2,2,4,50.0,,1,SGDQ 2025 - DeathBall
Badroenis,2,2,4,50.0,Ohio,1,SGDQ 2025 - DeathBall
Jubi,2,2,4,50.0,Michigan,1,Psychic Drive Arcade Tournaments @Youma2025
MiDe,2,2,4,50.0,Michigan,1,Psychic Drive Arcade Tournaments @Youma2025
Dave,2,2,4,50.0,Michigan,1,Psychic Drive Arcade Tournaments @Youma2025
Logan,2,2,4,50.0,"Jacksonville, FL",1,DeathBall @ Leaderboard Shad #4
Kelz,2,2,4,50.0,,1,ComboBreaker DeathBall Tournament
MrFruples,2,2,4,50.0,"Bulger, PA",1,ComboBreaker DeathBall Tournament
Ohnnabananna,2,2,4,50.0,"Bay City, TX",1,ComboBreaker DeathBall Tournament
Nikalou,2,2,4,50.0,"Macomb, MI",1,ComboBreaker DeathBall Tournament
Gunstar Green,2,2,4,50.0,"Granada Hills, CA",1,ComboBreaker DeathBall Tournament
Anasazi,2,2,4,50.0,"Grand Rapids, MI",1,ComboBreaker DeathBall Tournament
Badguy,2,2,4,50.0,"Huntsville, AL",1,ComboBreaker DeathBall Tournament
Baddietrash,1,1,2,50.0,"Portland, OR",1,dbcampkq
Jason Galhinaotia,1,1,2,50.0,,1,dbcampkq
Justin Hadley,1,1,2,50.0,,1,dbcampkq
Jared M.,1,1,2,50.0,,1,dbcampkq
Tyler Vane,1,1,2,50.0,"Portland, OR",1,dbcampkq
Los,1,1,2,50.0,,1,CQ Holiday Party Deathball
Mitchell,1,1,2,50.0,"Minneapolis, MN",1,DeathBall
Paul,1,1,2,50.0,"Minneapolis, MN",1,DeathBall
Warren,1,1,2,50.0,"Jacksonville, FL",1,DB LEAGUE TRIAL RUN 12/30/18
nate,1,1,2,50.0,"Chattanooga, TN",1,2019 September League Week 4
hlemke,1,1,2,50.0,"Minneapolis, MN",1,28th Annual Deathball Tournament
Nathan,1,1,2,50.0,"Madison, WI",1,28th Annual Deathball Tournament
Justin,1,1,2,50.0,"Dallas/Fort Worth, TX",1,Deathball
Marty,1,1,2,50.0,"Dallas/Fort Worth, TX",1,Deathball
Chase,1,1,2,50.0,"Dallas/Fort Worth, TX",1,WWFG Deathball
Shane,1,1,2,50.0,"Dallas/Fort Worth, TX",1,DeathBall @ Free Play
Vanessa,1,1,2,50.0,"Dallas/Fort Worth, TX",1,DeathBall @ Free Play
Julius,1,1,2,50.0,"Dallas/Fort Worth, TX",1,DeathBall @ Free Play
Bubba Buckets,1,1,2,50.0,"Fort Lauderdale, FL",1,DeathBall
Taylor,1,1,2,50.0,"Fort Lauderdale, FL",1,DeathBall
Joe,1,1,2,50.0,"Dallas/Fort Worth, TX",1,Talon Fundraiser DEATHBALL
REDRAM,1,1,2,50.0,,1,QuakeCon 2025 DeathBall
Fox,1,1,2,50.0,,1,QuakeCon 2025 DeathBall
Pizza Girl,1,1,2,50.0,,1,QuakeCon 2025 Saturday DeathBall
Dracowulf,1,1,2,50.0,,1,QuakeCon 2025 Saturday DeathBall
Download Viruses,1,1,2,50.0,,1,QuakeCon 2025 Saturday DeathBall
I’mDirtyDan,1,1,2,50.0,,1,QuakeCon 2025 Saturday DeathBall
Callen,1,1,2,50.0,"Dallas/Fort Worth, TX",1,3 nations pint night
Devon,1,1,2,50.0,"Dallas/Fort Worth, TX",1,3 nations pint night
Saul,1,1,2,50.0,"Dallas/Fort Worth, TX",1,3 nations pint night
Hellman,1,1,2,50.0,"Dallas/Fort Worth, TX",1,3 nations pint night
greggoblin,13,14,27,48.1,"Dallas/Fort Worth, TX",7,"Deathball 6/26; Deathball 7/31; Deathball 9/24/2025; Deathball 10/16; The one and only Death; Fort Brewery Deathball 4/9/2026; 3 nations pint night"
just_defend,21,24,45,46.7,"Chattanooga, TN",9,"2019 June League Week 2; 2019 June League Week 3; 2019 June League Week 4; 2019 August League Week 4; 2019 September League Week 1; DBC 5; 2019 Holiday Season League Week 2; llglory; DBC 7"
Brian,6,7,13,46.2,"Chattanooga, TN",3,"DeathBall PopUp tournament; Preseason May League; 2019 May League Tournament"
Tyler,10,12,22,45.5,"Chattanooga, TN",4,"Preseason May League; 2019 May League Tournament; 2019 June League Week 4; 2019 July League Week 3"
Parker,5,6,11,45.5,"Chattanooga, TN",2,"DBC 8; DBC9"
Max,5,6,11,45.5,"Dallas/Fort Worth, TX",3,"Deathball 6/26; Deathball 7/31; DeathBall 1/29/25"
Given,3,4,7,42.9,"Chattanooga, TN",1,2019 May League Week 3
Forrest,3,4,7,42.9,"Chattanooga, TN",1,2019 May League Week 4
Colin,3,4,7,42.9,"Dallas/Fort Worth, TX",3,"DeathBall @ Free Play; Mead Round 2 death ball; QuakeCon 2025 DeathBall"
Blue,3,4,7,42.9,"Dallas/Fort Worth, TX",2,"Wednesday Unwind 03/15 - Deathball; Breaking Brew Meadery Death Ball Tournament"
Andrew Griner,3,4,7,42.9,"Jacksonville, FL",2,"Fall Harvest Death Ball; FH 2024 Deathball"
jade,3,4,7,42.9,,2,"Death ball: the sendoff; SGDQ 2025 - DeathBall"
30Aces,3,4,7,42.9,Ohio,2,"SGDQ 2025 - DeathBall; Deathball buddy bracket"
Sean,3,4,7,42.9,"Dallas/Fort Worth, TX",2,"Deathball 7/30; Deathball real 7/30"
Austin,3,4,7,42.9,"Jacksonville, FL",2,"DeathBall @ Leaderboard Shad #6; DeathBall @ Leaderboard Shad #7"
Alex Hogan,5,7,12,41.7,"Columbus, OH",4,"DeathBall #1 : Battle of CQ; CQ Holiday Party Deathball; Baltimore Brawl DeathBall Tourney; DeathBall tournament"
Arabelle,9,13,22,40.9,"Dallas/Fort Worth, TX",7,"Mead Round 2 death ball; Deathball 6/26; Deathball 7/31; Deathball real 7/30; Deathball 8/27; Deathball 9/24/2025; DeathBall Tourney"
Kate,4,6,10,40.0,"Jacksonville, FL",3,"DBJAX League Week 1; DBJAX League Week 2; DBJAX League Week 4"
Shantia,4,6,10,40.0,"Dallas/Fort Worth, TX",7,"DeathBall @ Free Play; DeathBall @ Free Play; DeathBall @ Free Play; DeathBall @ Free Play; DeathBall @ Free Play; DeathBall @ Free Play; DeathBall @ Free Play"
heather davis,2,3,5,40.0,,2,"dbcampkq; Deathball GDC 1"
Alex Jaspersen,2,3,5,40.0,,2,"dbcampkq; Deathball GDC 1"
Lisa,2,3,5,40.0,,2,"DeathBall #1 : Battle of CQ; CQ Holiday Party Deathball"
New guy,2,3,5,40.0,"Chattanooga, TN",1,BB4 Deathball Swiss
Joe w,2,3,5,40.0,"Chattanooga, TN",1,BB4 Deathball Swiss
Dylan d,2,3,5,40.0,,1,BB4 Deathball Swiss
Kelly p,2,3,5,40.0,"Chattanooga, TN",1,BB4 Deathball Swiss
Crystal,2,3,5,40.0,"Dallas/Fort Worth, TX",3,"DeathBall @ Free Play; DeathBall @ Free Play; DeathBall @ Free Play"
Sarah,2,3,5,40.0,"Dallas/Fort Worth, TX",3,"DeathBall @ Free Play; DeathBall @ Free Play; DeathBall @ Free Play"
Mike,2,3,5,40.0,"Dallas/Fort Worth, TX",2,"Deathball march 3/12/26; Fort Brewery Deathball 4/9/2026"
HeartOfOak,9,14,23,39.1,Illinois,6,"Death Ball SGeeds; Death ball SGDQ 2; Death Ball SGDQ 3; Death ball: the sendoff; The Platinum Platter; SGDQ 2025 - DeathBall"
doodooheadjones,68,112,180,37.8,"Chattanooga, TN",37,"2019 May League Week 1; 2019 May League Week 2; 2019 May League Week 3; 2019 May League Week 4; 2019 May League Tournament; 2019 June League Week 1; 2019 June League Week 2; 2019 June League Week 3; 2019 June League Week 4; 2019 July League Week 1; 2019 July League Week 2; 2019 July League Week 3; 2019 July League Week 4; DBC 2; 2019 August League Week 1; 2019 August League Week 2; 2019 August League Week 3; DBC 3; 2019 September League Week 1; 2019 September League Week 2; 2019 September League Week 4; DBC 4; 2019 October League Week 1; BB4 Deathball Swiss; 2019 October League Week 2; 2019 October League Week 3; DBC 5; 2019 Holiday Season League Week 1; 2019 Holiday Season League Week 2; 2019 Holiday Season League Week 3; 2019 Holiday Season Week 5; DBC 6; llglory; llglory; DBC 7; DBC 8; DBC9"
Brian,3,5,8,37.5,,2,"2019 May League Week 1; 2019 May League Week 2"
Logan,11,19,30,36.7,"Chattanooga, TN",5,"Preseason May League; 2019 May League Week 1; 2019 May League Week 2; 2019 May League Week 3; 2019 Holiday Season League Week 1"
Kenny,8,14,22,36.4,,4,"2019 May League Tournament; 2019 June League Week 4; 2019 July League Week 4; DBC 2"
Romaine lettuce,4,7,11,36.4,"Chattanooga, TN",2,"2019 July League Week 1; 2019 October League Week 1"
Lawrence,13,26,39,33.3,"Chattanooga, TN",10,"2019 October League Week 2; 2019 October League Week 3; DBC 5; 2019 Holiday Season League Week 1; 2019 Holiday Season Week 5; DBC 6; llglory; llglory; DBC 7; you know"
Jeremy Mulhaney,5,10,15,33.3,"Jacksonville, FL",5,"deathball 11-05-24; 11-19-24 Deathball Keg and Coin; deathball 11-26-24; Deathball - 12/03/24; FH 2024 Deathball"
Kristen,4,8,12,33.3,"Jacksonville, FL",4,"DB League trial run 2; DBJAX League Week 1; DBJAX League Week 2; DBJAX League Week 5"
Eli,4,8,12,33.3,"Houston, TX",3,"DB HTX - 09/27/22; DBHTX - 12/20/22; DBHTX - 01/31/23"
Steve Halili,3,6,9,33.3,"Portland, OR",4,"dbcampkq; Deathball GDC 1; DeathBall GDC; Camp DeathBall"
kamal,2,4,6,33.3,"Chattanooga, TN",1,2019 September League Week 4
Bradley0104,2,4,6,33.3,Georgia,2,"Death Ball SGeeds; Death ball SGDQ 2"
Amity,2,4,6,33.3,,2,"Death ball SGDQ 2; Death Ball SGDQ 3"
solo,2,4,6,33.3,"Jacksonville, FL",2,"deathball 11-26-24; Deathball - 12/03/24"
Nick,1,2,3,33.3,,1,DeathBall #1 : Battle of CQ
Alyssa DeMoss,1,2,3,33.3,,1,Deathball GDC 1
Tiana Tan,1,2,3,33.3,,1,Deathball GDC 1
Samantha Weddle,1,2,3,33.3,,1,Deathball GDC 1
Josh B,1,2,3,33.3,,1,Deathball GDC 1
phillanomatry,1,2,3,33.3,"Minneapolis, MN",1,Inaugural  DeathBallMPLS Showdown @ BauhausBrewLabs
coolguy69,1,2,3,33.3,"Minneapolis, MN",1,Inaugural  DeathBallMPLS Showdown @ BauhausBrewLabs
Kayla,1,2,3,33.3,"Minneapolis, MN",1,Inaugural  DeathBallMPLS Showdown @ BauhausBrewLabs
Britta,1,2,3,33.3,"Minneapolis, MN",1,Inaugural  DeathBallMPLS Showdown @ BauhausBrewLabs
Chris W.,1,2,3,33.3,"Jacksonville, FL",1,DBJAX League Week 2
Jojo,1,2,3,33.3,"Jacksonville, FL",1,DBJAX League Week 3
Monica,1,2,3,33.3,"Jacksonville, FL",1,DBJAX League Week 3
Liam,1,2,3,33.3,"Jacksonville, FL",1,DBJAX League Week 4
Brian,1,2,3,33.3,"Jacksonville, FL",1,DBJAX League Week 5
Alex T,1,2,3,33.3,"Minneapolis, MN",1,DeathBall
Aaron O,1,2,3,33.3,"Minneapolis, MN",1,DeathBall
Quinn,1,2,3,33.3,,1,Camp DeathBall
Brandon,1,2,3,33.3,,1,Camp DeathBall
jack,1,2,3,33.3,"Chattanooga, TN",1,DBC 2
Darnell Thinmints,1,2,3,33.3,"Dallas/Fort Worth, TX",1,DeathBall @ Free Play
Lorenzo,1,2,3,33.3,"Dallas/Fort Worth, TX",1,DeathBall @ Free Play
Jason Palmer,1,2,3,33.3,"Dallas/Fort Worth, TX",1,DeathBall @ Free Play
JonnyMatrix,1,2,3,33.3,"Dallas/Fort Worth, TX",1,DeathBall @ Free Play
Zach,1,2,3,33.3,"Chattanooga, TN",2,"llglory; you know"
Gavin,1,2,3,33.3,"Dallas/Fort Worth, TX",1,DeathBall @ Free Play
Grillmaster,1,2,3,33.3,"Dallas/Fort Worth, TX",1,DeathBall @ Free Play
Jarrett,1,2,3,33.3,"Dallas/Fort Worth, TX",1,DeathBall @ Free Play
Paulina,1,2,3,33.3,"Dallas/Fort Worth, TX",2,"DeathBall @ Free Play; DeathBall @ Free Play"
Alex,1,2,3,33.3,"Dallas/Fort Worth, TX",2,"DeathBall @ Free Play; DeathBall @ Free Play"
Nate Smith,1,2,3,33.3,,1,Baltimore Brawl DeathBall Tourney
Jc,1,2,3,33.3,,1,Baltimore Brawl DeathBall Tourney
Todd,1,2,3,33.3,,1,Baltimore Brawl DeathBall Tourney
Chris Preisinger,1,2,3,33.3,,1,Baltimore Brawl DeathBall Tourney
Christine,1,2,3,33.3,"Houston, TX",1,DBHTX - 12/20/22
Sierra,1,2,3,33.3,"Dallas/Fort Worth, TX",1,Wednesday Unwind 03/15 - Deathball
Troy,1,2,3,33.3,"Dallas/Fort Worth, TX",1,Wednesday Unwind 03/15 - Deathball
Gordon,1,2,3,33.3,,1,Wednesday Unwind 03/15 - Deathball
June,1,2,3,33.3,"Dallas/Fort Worth, TX",1,Wednesday Unwind 03/15 - Deathball
Benny,1,2,3,33.3,"Dallas/Fort Worth, TX",1,Wednesday Unwind 03/15 - Deathball
Emily (ROI),1,2,3,33.3,,1,Wednesday Unwind 03/15 - Deathball
Mitchell,1,2,3,33.3,"Dallas/Fort Worth, TX",1,Wednesday Unwind 03/15 - Deathball
Bowen,1,2,3,33.3,"Dallas/Fort Worth, TX",1,Wednesday Unwind 03/15 - Deathball
Bearmarket/Chris,1,2,3,33.3,"Dallas/Fort Worth, TX",1,Breaking Brew Meadery Death Ball Tournament
Bryan W,1,2,3,33.3,"Dallas/Fort Worth, TX",1,Mead Round 2 death ball
Joji,1,2,3,33.3,"Dallas/Fort Worth, TX",1,Mead Round 2 death ball
Simple interest,1,2,3,33.3,"Dallas/Fort Worth, TX",1,Deathball Finale!
Aurora,1,2,3,33.3,,1,Death Ball SGDQ 3
Ethan,1,2,3,33.3,"Denton, TX",1,Yomi 158
Mundo,1,2,3,33.3,"Dallas/Fort Worth, TX",1,Yomi 158
Proteus,1,2,3,33.3,"Denton, TX",1,Yomi 162
Doorman2,1,2,3,33.3,"Denton, TX",1,Yomi 162
Ryan P,1,2,3,33.3,,1,DeathBall tournament
_segfault_,1,2,3,33.3,,1,DeathBall tournament
Burton Flake,1,2,3,33.3,"Phoenix, AZ",1,DeathBall tournament
Lizz,1,2,3,33.3,"Dallas/Fort Worth, TX",1,Three Nations Brew Deathball!
riley,1,2,3,33.3,"Jacksonville, FL",1,deathball 11-05-24
PublicAlly,1,2,3,33.3,"Jacksonville, FL",1,11-19-24 Deathball Keg and Coin
Arthur Frohlich,1,2,3,33.3,"Jacksonville, FL",1,FH 2024 Deathball
Plantyraid,1,2,3,33.3,"Dallas/Fort Worth, TX",1,DeathBall 1/29/25
Greggles90,1,2,3,33.3,,1,SGDQ 2025 - DeathBall
Notolectq,1,2,3,33.3,,1,SGDQ 2025 - DeathBall
Ivey,1,2,3,33.3,,1,SGDQ 2025 - DeathBall
nardy20,1,2,3,33.3,Michigan,1,SGDQ 2025 - DeathBall
elise224,1,2,3,33.3,,1,SGDQ 2025 - DeathBall
azuraeth,1,2,3,33.3,Wisconsin,1,SGDQ 2025 - DeathBall
MellowMikal,1,2,3,33.3,"Pasco, WA",1,SGDQ 2025 - DeathBall
KyoshiCadre,1,2,3,33.3,,1,SGDQ 2025 - DeathBall
ShyguyVai,1,2,3,33.3,Washington,1,SGDQ 2025 - DeathBall
Cornelius,1,2,3,33.3,"Clinton township, MI",1,Psychic Drive Arcade Tournaments @Youma2025
Zenso Si,1,2,3,33.3,"Ypsilanti, MI",1,Psychic Drive Arcade Tournaments @Youma2025
Tomy,1,2,3,33.3,Michigan,1,Psychic Drive Arcade Tournaments @Youma2025
KroKo,1,2,3,33.3,Michigan,1,Psychic Drive Arcade Tournaments @Youma2025
Joe,1,2,3,33.3,Michigan,1,Psychic Drive Arcade Tournaments @Youma2025
Ve,1,2,3,33.3,"Jacksonville, FL",1,DeathBall @ Leaderboard Shad #4
Carson,1,2,3,33.3,"Jacksonville, FL",1,DeathBall @ Leaderboard Shad #5
Bicker,1,2,3,33.3,"Jacksonville, FL",1,DeathBall @ Leaderboard Shad #6
Squid,1,2,3,33.3,"Jacksonville, FL",1,DeathBall @ Leaderboard Shad #6
Kris,1,2,3,33.3,"Jacksonville, FL",1,DeathBall @ Leaderboard Shad #7
Nick,1,2,3,33.3,"Dallas/Fort Worth, TX",1,Fort Brewery Deathball 4/9/2026
doesNotComphoot,1,2,3,33.3,"South Lyon, MI",1,ComboBreaker DeathBall Tournament
RatGaming,1,2,3,33.3,"DeWitt, MI",1,ComboBreaker DeathBall Tournament
Mallard,1,2,3,33.3,"Brandon, MS",1,ComboBreaker DeathBall Tournament
treemang,1,2,3,33.3,"Lansing, MI",1,ComboBreaker DeathBall Tournament
ickisuno,1,2,3,33.3,"Metropolis, IL",1,ComboBreaker DeathBall Tournament
BigSnackary,1,2,3,33.3,"Lansing, MI",1,ComboBreaker DeathBall Tournament
TacBac,1,2,3,33.3,"Madison, WI",1,ComboBreaker DeathBall Tournament
Toaster,1,2,3,33.3,,1,ComboBreaker DeathBall Tournament
Bobbie,10,23,33,30.3,"Chattanooga, TN",9,"2019 Holiday Season League Week 1; 2019 Holiday Season League Week 2; 2019 Holiday Season League Week 3; 2019 Holiday Season Week 5; llglory; llglory; you know; DBC 8; DBC9"
Nsama,3,7,10,30.0,"Houston, TX",3,"DB HTX - 09/27/22; DBHTX - 12/20/22; DBHTX - 01/31/23"
Penney,2,5,7,28.6,"Chattanooga, TN",2,"2019 May League Week 1; 2019 May League Tournament"
Johnny,3,8,11,27.3,"Houston, TX",3,"DB HTX - 09/27/22; DBHTX 10/18/22; DBHTX - 12/20/22"
Acnorris0,33,92,125,26.4,"Chattanooga, TN",25,"2019 May League Week 1; 2019 May League Week 2; 2019 May League Week 3; 2019 May League Week 4; 2019 May League Tournament; 2019 June League Week 1; 2019 June League Week 2; 2019 June League Week 4; 2019 July League Week 4; DBC 2; 2019 August League Week 1; 2019 August League Week 4; DBC 3; 2019 September League Week 1; 2019 September League Week 4; DBC 4; 2019 October League Week 1; 2019 October League Week 3; DBC 5; 2019 Holiday Season League Week 1; 2019 Holiday Season League Week 3; 2019 Holiday Season Week 5; DBC 7; DBC 8; DBC9"
Justin,5,14,19,26.3,"Chattanooga, TN",3,"2019 June League Week 1; 2019 June League Week 2; 2019 June League Week 3"
Don,6,18,24,25.0,"Chattanooga, TN",6,"2019 October League Week 1; 2019 October League Week 2; 2019 Holiday Season Week 5; DBC 6; llglory; DBC9"
David Pavao,3,9,12,25.0,"Jacksonville, FL",4,"DBJAX League Week 4; DBJAX League Week 5; 2019 May League Week 2; FH 2024 Deathball"
Dawn,2,6,8,25.0,"Jacksonville, FL",3,"DBJAX League Week 1; DBJAX League Week 2; DBJAX League Week 3"
DougyFresh,2,6,8,25.0,"Dallas/Fort Worth, TX",3,"Breaking Brew Meadery Death Ball Tournament; Deathball Finale!; Deathball 7/31"
Emma,2,6,8,25.0,"Dallas/Fort Worth, TX",3,"Deathball real 7/30; Deathball 8/27; Deathball 9/24/2025"
Alexander Parrish,1,3,4,25.0,,2,"dbcampkq; Camp DeathBall"
Adam,1,3,4,25.0,,2,"DeathBall #1 : Battle of CQ; CQ Holiday Party Deathball"
Muggs,1,3,4,25.0,"Minneapolis, MN",2,"DeathBall; DeathBall"
Drew,1,3,4,25.0,"Jacksonville, FL",2,"DB LEAGUE TRIAL RUN 12/30/18; DBJAX League Week 2"
Kirby,1,3,4,25.0,"Chattanooga, TN",1,2019 September League Week 2
casey,1,3,4,25.0,"Chattanooga, TN",2,"2019 Holiday Season League Week 3; llglory"
Kyle Kennedy,1,3,4,25.0,,2,"DeathBall @ Free Play; QuakeCon 2025 DeathBall"
Richard,1,3,4,25.0,,2,"DeathBall; DeathBall tournament"
Darian,1,3,4,25.0,"Dallas/Fort Worth, TX",2,"The one and only Death; DeathBall Tourney"
Spoom,1,3,4,25.0,"Dallas/Fort Worth, TX",2,"The one and only Death; DeathBall Tourney"
blotmath,4,13,17,23.5,"Chattanooga, TN",3,"2019 August League Week 2; DBC 3; 2019 October League Week 4"
Jen,4,16,20,20.0,"Chattanooga, TN",6,"DeathBall PopUp tournament; 2019 May League Week 1; 2019 May League Week 3; 2019 May League Tournament; DBC 8; DBC9"
Grace,2,8,10,20.0,"Chattanooga, TN",2,"2019 May League Week 1; 2019 May League Week 3"
Cloverbugged,2,8,10,20.0,Ontario,4,"Death Ball SGDQ 3; Death ball: the sendoff; SGDQ 2025 - DeathBall; Deathball buddy bracket"
Nicolo Fusato,2,8,10,20.0,"Jacksonville, FL",4,"11-19-24 Deathball Keg and Coin; deathball 11-26-24; Deathball - 12/03/24; FH 2024 Deathball"
Bella,1,4,5,20.0,"Jacksonville, FL",2,"DB League trial run 2; DBJAX League Week 3"
Jay,1,4,5,20.0,"Chattanooga, TN",1,Preseason May League
Dan f,1,4,5,20.0,"Chattanooga, TN",1,BB4 Deathball Swiss
Kelsi,1,4,5,20.0,"Dallas/Fort Worth, TX",2,"Breaking Brew Meadery Death Ball Tournament; Mead Round 2 death ball"
WooffleDee,1,4,5,20.0,North Carolina,2,"Death Ball SGeeds; SGDQ 2025 - DeathBall"
Audrey,1,4,5,20.0,,2,"Death Ball SGDQ 3; Deathball buddy bracket"
Leonrecon,1,4,5,20.0,,2,"Death Ball SGDQ 3; SGDQ 2025 - DeathBall"
raxdflipnote,1,4,5,20.0,,2,"Death ball: the sendoff; SGDQ 2025 - DeathBall"
Denise,1,4,5,20.0,"Jacksonville, FL",2,"11-19-24 Deathball Keg and Coin; Deathball - 12/03/24"
Epiccrossover,1,4,5,20.0,,1,SGDQ 2025 - DeathBall
Anthony,1,4,5,20.0,"Dallas/Fort Worth, TX",2,"The one and only Death; Fort Brewery Deathball 4/9/2026"
Ty,1,4,5,20.0,"Jacksonville, FL",2,"DeathBall @ Leaderboard Shad #5; DeathBall @ Leaderboard Shad #6"
Adam,3,14,17,17.6,"Chattanooga, TN",3,"2019 August League Week 1; 2019 August League Week 2; 2019 Holiday Season Buddy Bracket"
Ryan,1,5,6,16.7,"Chattanooga, TN",2,"DeathBall PopUp tournament; 2019 September League Week 2"
dj,1,5,6,16.7,"Chattanooga, TN",2,"2019 September League Week 1; 2019 September League Week 4"
Joe,1,6,7,14.3,"Jacksonville, FL",3,"DBJAX League Week 3; DBJAX League Week 4; Fall Harvest Death Ball"
Justice,1,6,7,14.3,"Dallas/Fort Worth, TX",6,"DeathBall @ Free Play; DeathBall @ Free Play; DeathBall @ Free Play; DeathBall @ Free Play; DeathBall @ Free Play; DeathBall @ Free Play"
Armando,1,8,9,11.1,"Dallas/Fort Worth, TX",2,"Deathball 9/24/2025; Deathball 10/16"
Rachel Maria,1,10,11,9.1,,5,"2019 Holiday Season Buddy Bracket; llglory; DBC9; Fall Harvest Death Ball; FH 2024 Deathball"
Ryan,0,7,7,0.0,"Dallas/Fort Worth, TX",4,"The one and only Death; DeathBall Tourney; Deathball march 3/12/26; Fort Brewery Deathball 4/9/2026"
Cait,0,6,6,0.0,"Chattanooga, TN",2,"DBC 2; 2019 August League Week 1"
Shauna f,0,5,5,0.0,"Chattanooga, TN",1,BB4 Deathball Swiss
Kasi White,0,4,4,0.0,"Maple Grove, MN",3,"Deathball GDC 1; DeathBall; DeathBall GDC"
Jordan,0,4,4,0.0,"Jacksonville, FL",2,"DBJAX League Week 5; Fall Harvest Death Ball"
justanolive,0,4,4,0.0,Ohio,2,"Death Ball SGeeds; Death ball SGDQ 2"
Randomguest,0,4,4,0.0,,2,"Death ball SGDQ 2; Death Ball SGDQ 3"
xary,0,4,4,0.0,"Jacksonville, FL",2,"11-19-24 Deathball Keg and Coin; Deathball - 12/03/24"
Omar,0,4,4,0.0,"Dallas/Fort Worth, TX",2,"Deathball 7/30; Deathball real 7/30"
Hell,0,3,3,0.0,,2,"DeathBall #1 : Battle of CQ; CQ Holiday Party Deathball"
Kris,0,3,3,0.0,,2,"DeathBall #1 : Battle of CQ; CQ Holiday Party Deathball"
Kevan S,0,3,3,0.0,"Minneapolis, MN",2,"DeathBall; DeathBall"
James Matthews,0,3,3,0.0,"Dallas/Fort Worth, TX",2,"DeathBall @ Free Play; DeathBall @ Free Play"
Jordan,0,3,3,0.0,"Dallas/Fort Worth, TX",3,"WWFG Deathball; DeathBall @ Free Play; DeathBall @ Free Play"
ANDREW WILKENING,0,2,2,0.0,,1,Deathball GDC 1
Flo,0,2,2,0.0,,1,Deathball GDC 1
Aaron Tran,0,2,2,0.0,,1,Deathball GDC 1
Kiwii,0,2,2,0.0,"Minneapolis, MN",1,Inaugural  DeathBallMPLS Showdown @ BauhausBrewLabs
Brent,0,2,2,0.0,"Minneapolis, MN",1,Inaugural  DeathBallMPLS Showdown @ BauhausBrewLabs
metalmandy,0,2,2,0.0,"Minneapolis, MN",1,Inaugural  DeathBallMPLS Showdown @ BauhausBrewLabs
Emily,0,2,2,0.0,"Minneapolis, MN",1,Inaugural  DeathBallMPLS Showdown @ BauhausBrewLabs
Eric,0,2,2,0.0,"Jacksonville, FL",1,DBJAX League Week 5
Megan,0,2,2,0.0,"Chattanooga, TN",1,DeathBall PopUp tournament
Mander,0,2,2,0.0,"Chattanooga, TN",1,DeathBall PopUp tournament
Duncan,0,2,2,0.0,"Chattanooga, TN",1,DeathBall PopUp tournament
Liz F,0,2,2,0.0,"Minneapolis, MN",1,DeathBall
Kyle G,0,2,2,0.0,,1,Camp DeathBall
Ryan,0,2,2,0.0,,1,Camp DeathBall
Jcc,0,2,2,0.0,,1,Camp DeathBall
mal,0,2,2,0.0,"Chattanooga, TN",1,DBC 4
Thomas,0,2,2,0.0,"Chattanooga, TN",1,DBC 5
Chris Paga,0,2,2,0.0,"Dallas/Fort Worth, TX",1,DeathBall @ Free Play
Spencer Ratchford,0,2,2,0.0,"Dallas/Fort Worth, TX",1,DeathBall @ Free Play
Panda Naomi,0,2,2,0.0,"Dallas/Fort Worth, TX",1,DeathBall @ Free Play
Alex,0,2,2,0.0,"Chattanooga, TN",2,"llglory; you know"
Petty James,0,2,2,0.0,"Dallas/Fort Worth, TX",1,DeathBall @ Free Play
Landon,0,2,2,0.0,"Dallas/Fort Worth, TX",1,DeathBall @ Free Play
Mario,0,2,2,0.0,,1,Baltimore Brawl DeathBall Tourney
Foster,0,2,2,0.0,,1,Baltimore Brawl DeathBall Tourney
Jeff Barth,0,2,2,0.0,,1,Baltimore Brawl DeathBall Tourney
Rolando,0,2,2,0.0,"Houston, TX",1,DBHTX - 12/20/22
Aaron,0,2,2,0.0,"Dallas/Fort Worth, TX",1,Wednesday Unwind 03/15 - Deathball
reegybo,0,2,2,0.0,"Dallas/Fort Worth, TX",1,Wednesday Unwind 03/15 - Deathball
Dozing,0,2,2,0.0,"Dallas/Fort Worth, TX",1,Wednesday Unwind 03/15 - Deathball
Glass Window,0,2,2,0.0,"Dallas/Fort Worth, TX",1,Wednesday Unwind 03/15 - Deathball
Madison,0,2,2,0.0,"Chattanooga, TN",1,DBC9
Cellar Boy,0,2,2,0.0,"Chattanooga, TN",1,DBC9
Jerry,0,2,2,0.0,"Jacksonville, FL",1,Fall Harvest Death Ball
Alec R,0,2,2,0.0,"Jacksonville, FL",1,Fall Harvest Death Ball
Clark,0,2,2,0.0,"Dallas/Fort Worth, TX",1,Breaking Brew Meadery Death Ball Tournament
ur mom1,0,2,2,0.0,"Dallas/Fort Worth, TX",1,Mead Round 2 death ball
Nick,0,2,2,0.0,"Dallas/Fort Worth, TX",1,Mead Round 2 death ball
Nick P,0,2,2,0.0,"Dallas/Fort Worth, TX",1,Mead Round 2 death ball
Stabby,0,2,2,0.0,"Dallas/Fort Worth, TX",1,Deathball Finale!
Joe,0,2,2,0.0,"Dallas/Fort Worth, TX",1,Deathball Finale!
Zfighter,0,2,2,0.0,"Dallas/Fort Worth, TX",1,Deathball 6/26
TheDade,0,2,2,0.0,"Dallas/Fort Worth, TX",1,Deathball 6/26
Cocaine Biceps,0,2,2,0.0,"Mesquite, TX",1,Yomi 158
Meowthmix,0,2,2,0.0,"Denton, TX",1,Yomi 158
MaJunior魔,0,2,2,0.0,"Denton, TX",1,Yomi 162
Sky grilliot,0,2,2,0.0,"Chattanooga, TN",1,DeathBall tournament
Andrew Dotson,0,2,2,0.0,,1,DeathBall tournament
Klutz,0,2,2,0.0,,1,DeathBall tournament
oobl_,0,2,2,0.0,,1,DeathBall tournament
Zayebanets,0,2,2,0.0,,1,DeathBall tournament
Hexanimo,0,2,2,0.0,,1,DeathBall tournament
Gex104,0,2,2,0.0,,1,DeathBall tournament
AJ,0,2,2,0.0,"Dallas/Fort Worth, TX",1,Three Nations Brew Deathball!
Tye,0,2,2,0.0,"Dallas/Fort Worth, TX",1,Three Nations Brew Deathball!
Alex,0,2,2,0.0,"Dallas/Fort Worth, TX",1,Three Nations Brew Deathball!
Payton,0,2,2,0.0,"Dallas/Fort Worth, TX",1,Three Nations Brew Deathball!
Mike,0,2,2,0.0,"Jacksonville, FL",1,deathball 11-05-24
callum,0,2,2,0.0,"Jacksonville, FL",1,deathball 11-05-24
Jason,0,2,2,0.0,"Jacksonville, FL",1,11-19-24 Deathball Keg and Coin
jemma,0,2,2,0.0,"Jacksonville, FL",1,deathball 11-26-24
puckett,0,2,2,0.0,"Jacksonville, FL",1,deathball 11-26-24
oscar,0,2,2,0.0,"Jacksonville, FL",1,Deathball - 12/03/24
Chris Waterman,0,2,2,0.0,"Jacksonville, FL",1,FH 2024 Deathball
Storster,0,2,2,0.0,,1,SGDQ 2025 - DeathBall
AstrasEvolution,0,2,2,0.0,California,1,SGDQ 2025 - DeathBall
Samkee00,0,2,2,0.0,"Seattle, WA",1,SGDQ 2025 - DeathBall
bombbeard,0,2,2,0.0,,1,SGDQ 2025 - DeathBall
shovelclaws,0,2,2,0.0,,1,SGDQ 2025 - DeathBall
Catpogers,0,2,2,0.0,,1,SGDQ 2025 - DeathBall
Gorillawarfare,0,2,2,0.0,,1,SGDQ 2025 - DeathBall
lilywhitesail,0,2,2,0.0,,1,SGDQ 2025 - DeathBall
Prisma_Goat,0,2,2,0.0,,1,SGDQ 2025 - DeathBall
catangelthing,0,2,2,0.0,California,1,SGDQ 2025 - DeathBall
Zweek,0,2,2,0.0,Germany,1,SGDQ 2025 - DeathBall
CrayFray,0,2,2,0.0,Germany,1,SGDQ 2025 - DeathBall
Star Anise,0,2,2,0.0,,1,SGDQ 2025 - DeathBall
BB Wafflez,0,2,2,0.0,,2,"QuakeCon 2025 DeathBall; QuakeCon 2025 Saturday DeathBall"
Carson,0,2,2,0.0,"Dallas/Fort Worth, TX",1,Deathball 8/27
Gabi,0,2,2,0.0,"Dallas/Fort Worth, TX",1,Deathball 8/27
Spencer,0,2,2,0.0,"Dallas/Fort Worth, TX",1,Deathball 8/27
Loren,0,2,2,0.0,"Dallas/Fort Worth, TX",1,Deathball 8/27
Alisa,0,2,2,0.0,"Dallas/Fort Worth, TX",1,Deathball 9/24/2025
CAPC0MHER0,0,2,2,0.0,"Macomb, MI",1,Psychic Drive Arcade Tournaments @Youma2025
enussi,0,2,2,0.0,Ohio,1,Psychic Drive Arcade Tournaments @Youma2025
Sadclown64,0,2,2,0.0,Michigan,1,Psychic Drive Arcade Tournaments @Youma2025
KeifDunes,0,2,2,0.0,Michigan,1,Psychic Drive Arcade Tournaments @Youma2025
Misses Spoom,0,2,2,0.0,"Dallas/Fort Worth, TX",1,The one and only Death
Faulkner,0,2,2,0.0,"Dallas/Fort Worth, TX",1,The one and only Death
L,0,2,2,0.0,"Jacksonville, FL",1,DeathBall @ Leaderboard Shad #4
Sam,0,2,2,0.0,"Jacksonville, FL",1,DeathBall @ Leaderboard Shad #5
Ryan,0,2,2,0.0,"Jacksonville, FL",1,DeathBall @ Leaderboard Shad #7
Tayler,0,2,2,0.0,"Dallas/Fort Worth, TX",1,Fort Brewery Deathball 4/9/2026
bushmang,0,2,2,0.0,"Lansing, MI",1,ComboBreaker DeathBall Tournament
Bootyfrogs,0,2,2,0.0,"Madison, WI",1,ComboBreaker DeathBall Tournament
David Garzon,0,2,2,0.0,"Chicago, IL",1,ComboBreaker DeathBall Tournament
TS4EliteGamer,0,2,2,0.0,"DeWitt, MI",1,ComboBreaker DeathBall Tournament
Rox,0,2,2,0.0,"Lexington, KY",1,ComboBreaker DeathBall Tournament
Nif,0,2,2,0.0,"Grand Island, NE",1,ComboBreaker DeathBall Tournament
Andrew W. Shitts III,0,2,2,0.0,Wisconsin,1,ComboBreaker DeathBall Tournament
Shea Flaherty Betin,0,1,1,0.0,"Portland, OR",1,dbcampkq
Chelsea Williams,0,1,1,0.0,,1,dbcampkq
Adam Babe,0,1,1,0.0,,1,dbcampkq
Jason Bother,0,1,1,0.0,,1,dbcampkq
Aaron,0,1,1,0.0,,1,dbcampkq
Johnmark Faris,0,1,1,0.0,"Portland, OR",1,dbcampkq
Ryan S.,0,1,1,0.0,,1,dbcampkq
Vanessa Rhodes,0,1,1,0.0,,1,dbcampkq
David Cantrell,0,1,1,0.0,,1,dbcampkq
Josh Eklow,0,1,1,0.0,,1,dbcampkq
Duc,0,1,1,0.0,,1,CQ Holiday Party Deathball
Andy,0,1,1,0.0,,1,CQ Holiday Party Deathball
Zac,0,1,1,0.0,,1,CQ Holiday Party Deathball
Jesse sorensen,0,1,1,0.0,"Minneapolis, MN",1,DeathBall
Arde,0,1,1,0.0,"Minneapolis, MN",1,DeathBall
Nathan,0,1,1,0.0,"Minneapolis, MN",1,DeathBall
Tony,0,1,1,0.0,"Minneapolis, MN",1,DeathBall
Meester,0,1,1,0.0,"Minneapolis, MN",1,DeathBall
Jesse,0,1,1,0.0,"Minneapolis, MN",1,DeathBall
Chacko,0,1,1,0.0,"Minneapolis, MN",1,DeathBall
Chewy,0,1,1,0.0,"Minneapolis, MN",1,DeathBall
Keli,0,1,1,0.0,"Minneapolis, MN",1,DeathBall
Beau,0,1,1,0.0,"Minneapolis, MN",1,DeathBall
Kristin,0,1,1,0.0,"Jacksonville, FL",1,DB LEAGUE TRIAL RUN 12/30/18
Bill,0,1,1,0.0,"Jacksonville, FL",1,DB LEAGUE TRIAL RUN 12/30/18
Leah,0,1,1,0.0,"Jacksonville, FL",1,DB LEAGUE TRIAL RUN 12/30/18
Dan,0,1,1,0.0,,1,DeathBall GDC
Jaime,0,1,1,0.0,,1,DeathBall GDC
Goldberg,0,1,1,0.0,,1,DeathBall GDC
Andi,0,1,1,0.0,,1,DeathBall GDC
Sam,0,1,1,0.0,,1,DeathBall GDC
CRAAAIIIGGG,0,1,1,0.0,"Madison, WI",1,28th Annual Deathball Tournament
EileenJ,0,1,1,0.0,"Madison, WI",1,28th Annual Deathball Tournament
Troy,0,1,1,0.0,"Madison, WI",1,28th Annual Deathball Tournament
AnUnarmedPawn,0,1,1,0.0,"Madison, WI",1,28th Annual Deathball Tournament
Kelsie,0,1,1,0.0,"Dallas/Fort Worth, TX",1,Deathball
Mike,0,1,1,0.0,"Dallas/Fort Worth, TX",1,Deathball
Alex,0,1,1,0.0,"Dallas/Fort Worth, TX",1,Deathball
Kevin,0,1,1,0.0,"Dallas/Fort Worth, TX",1,DeathBall @ Free Play
Liz,0,1,1,0.0,"Dallas/Fort Worth, TX",1,DeathBall @ Free Play
Sunny,0,1,1,0.0,"Dallas/Fort Worth, TX",1,DeathBall @ Free Play
Dylan,0,1,1,0.0,"Dallas/Fort Worth, TX",1,WWFG Deathball
OCL,0,1,1,0.0,"Dallas/Fort Worth, TX",1,WWFG Deathball
Dutty,0,1,1,0.0,"Dallas/Fort Worth, TX",1,DeathBall @ Free Play
Brian,0,1,1,0.0,"Dallas/Fort Worth, TX",1,DeathBall @ Free Play
Paga,0,1,1,0.0,"Dallas/Fort Worth, TX",1,DeathBall @ Free Play
Gabe,0,1,1,0.0,"Dallas/Fort Worth, TX",1,DeathBall @ Free Play
Josael,0,1,1,0.0,"Dallas/Fort Worth, TX",1,DeathBall @ Free Play
Cindy,0,1,1,0.0,"Dallas/Fort Worth, TX",1,DeathBall @ Free Play
Elvis,0,1,1,0.0,"Dallas/Fort Worth, TX",1,DeathBall @ Free Play
Sandra,0,1,1,0.0,"Dallas/Fort Worth, TX",1,DeathBall @ Free Play
Mario,0,1,1,0.0,"Fort Lauderdale, FL",1,DeathBall
Khai,0,1,1,0.0,"Fort Lauderdale, FL",1,DeathBall
Cesar,0,1,1,0.0,"Fort Lauderdale, FL",1,DeathBall
Jason,0,1,1,0.0,"Fort Lauderdale, FL",1,DeathBall
Cute Don,0,1,1,0.0,"Fort Lauderdale, FL",1,DeathBall
Bree,0,1,1,0.0,"Fort Lauderdale, FL",1,DeathBall
Todd,0,1,1,0.0,"Fort Lauderdale, FL",1,DeathBall
Jacobi,0,1,1,0.0,"Fort Lauderdale, FL",1,DeathBall
Amelia,0,1,1,0.0,"Dallas/Fort Worth, TX",1,Talon Fundraiser DEATHBALL
Meg,0,1,1,0.0,"Dallas/Fort Worth, TX",1,Talon Fundraiser DEATHBALL
Mallory,0,1,1,0.0,"Dallas/Fort Worth, TX",1,Talon Fundraiser DEATHBALL
Marshkie,0,1,1,0.0,,1,QuakeCon 2025 DeathBall
Blind Diplodocus,0,1,1,0.0,,1,QuakeCon 2025 DeathBall
Diantro,0,1,1,0.0,,1,QuakeCon 2025 DeathBall
Pyromancer3D,0,1,1,0.0,,1,QuakeCon 2025 DeathBall
KirboBuns,0,1,1,0.0,,1,QuakeCon 2025 DeathBall
Numberfourteen,0,1,1,0.0,,1,QuakeCon 2025 DeathBall
Atrainn,0,1,1,0.0,,1,QuakeCon 2025 DeathBall
Adappy,0,1,1,0.0,,1,QuakeCon 2025 DeathBall
Kbld,0,1,1,0.0,,1,QuakeCon 2025 Saturday DeathBall
2CON,0,1,1,0.0,,1,QuakeCon 2025 Saturday DeathBall
Sneakyteak,0,1,1,0.0,,1,QuakeCon 2025 Saturday DeathBall
Ankle,0,1,1,0.0,,1,QuakeCon 2025 Saturday DeathBall
fartsniffa,0,1,1,0.0,,1,QuakeCon 2025 Saturday DeathBall
stephen,0,1,1,0.0,"Dallas/Fort Worth, TX",1,DeathBall Tourney
Joshua,0,1,1,0.0,"Dallas/Fort Worth, TX",1,DeathBall Tourney
Fred,0,1,1,0.0,"Dallas/Fort Worth, TX",1,DeathBall Tourney
Mike,0,1,1,0.0,"Dallas/Fort Worth, TX",1,DeathBall Tourney
Evan,0,1,1,0.0,"Dallas/Fort Worth, TX",1,3 nations pint night
Jed,0,1,1,0.0,"Dallas/Fort Worth, TX",1,3 nations pint night
Carl,0,1,1,0.0,"Dallas/Fort Worth, TX",1,3 nations pint night
Noelle,0,1,1,0.0,"Dallas/Fort Worth, TX",1,3 nations pint night